formula,formula_with_coefficients,params_num,r2,adj_r2,std_err,max_err,f_stat,func_type,n_dims
z=(A+Bx+Cx^2+Dx^3+Ey+Fy^2)/(1+Gx+Hy+Iy^2+Jy^3),z=(3247.2-9284.1x+38255x^2-56463x^3-2081.9y+446.55y^2)/(1-7.5924x+7.8992y-6.2772y^2+1.3163y^3),10,0.49953,0.4433,10.321,24.761,8.8833,simple,3
z=(A+Bx+Cx^2+Dx^3+Ey+Fy^2)/(1+Gx+Hy+Iy^2+Jy^3),z=(3247.2-9284.1x+38255x^2-56463x^3-2081.9y+446.55y^2)/(1-7.5924x+7.8992y-6.2772y^2+1.3163y^3),10,0.49953,0.4433,10.321,24.761,8.8833,simple,3
z=(A+Clnx+Ey+G(lnx)^2+Iy^2+Kylnx)/(1+Blnx+Dy+F(lnx)^2+Hy^2+Jylnx),z=(-196.38-516.78lnx-367.62y+1872.6(lnx)^2+692.9y^2+2165.9ylnx)/(1+3.3668lnx-1.0416y+20.597(lnx)^2+5.9621y^2+20.303ylnx),11,0.48412,0.41964,10.538,24.818,7.5075,simple,3
z=(A+Clnx+Ey+G(lnx)^2+Iy^2+Kylnx)/(1+Blnx+Dy+F(lnx)^2+Hy^2+Jylnx),z=(-196.38-516.78lnx-367.62y+1872.6(lnx)^2+692.9y^2+2165.9ylnx)/(1+3.3668lnx-1.0416y+20.597(lnx)^2+5.9621y^2+20.303ylnx),11,0.48412,0.41964,10.538,24.818,7.5075,simple,3
z=(A+Bx+Cx^2+Dx^3+Ey)/(1+Fx+Gy),z=(725.41-9846.5x+40878x^2-60841x^3+59.807y)/(1-8.1032x+0.47218y),7,0.48108,0.4416,10.337,24.981,12.185,simple,3
z=(A+Bx+Cx^2+Dx^3+Ey)/(1+Fx+Gy),z=(725.41-9846.5x+40878x^2-60841x^3+59.807y)/(1-8.1032x+0.47218y),7,0.48108,0.4416,10.337,24.981,12.185,simple,3
z=(A+Bx+Cy+Dy^2)/(1+Ex+Fx^2+Gx^3+Hy),z=(25378-308290x+25815y-1082.2y^2)/(1+4881.9x-43946x^2+75185x^3+161.64y),8,0.45884,0.41126,10.614,23.382,9.6445,simple,3
z=(A+Bx+Cy+Dy^2)/(1+Ex+Fx^2+Gx^3+Hy),z=(25378-308290x+25815y-1082.2y^2)/(1+4881.9x-43946x^2+75185x^3+161.64y),8,0.45884,0.41126,10.614,23.382,9.6445,simple,3
z=(A+Bx+Cy)/(1+Dx+Ex^2+Fx^3+Gy),z=(23936-264950x+19061y)/(1+3787.8x-36003x^2+62080x^3+151.82y),7,0.4584,0.41719,10.56,23.301,11.124,simple,3
z=(A+Bx+Cy)/(1+Dx+Ex^2+Fx^3+Gy),z=(23936-264950x+19061y)/(1+3787.8x-36003x^2+62080x^3+151.82y),7,0.4584,0.41719,10.56,23.301,11.124,simple,3
z=(A+Cx+Elny+Gx^2+I(lny)^2+Kxlny)/(1+Bx+Dlny+Fx^2+H(lny)^2+Jxlny),z=(101.31-271.96x-142.5lny-92.574x^2+29.421(lny)^2+343.15xlny)/(1-2.4914x-1.4526lny-0.96332x^2+0.34055(lny)^2+3.189xlny),11,0.45782,0.39005,10.803,23.592,6.7554,simple,3
z=(A+Cx+Elny+Gx^2+I(lny)^2+Kxlny)/(1+Bx+Dlny+Fx^2+H(lny)^2+Jxlny),z=(101.31-271.96x-142.5lny-92.574x^2+29.421(lny)^2+343.15xlny)/(1-2.4914x-1.4526lny-0.96332x^2+0.34055(lny)^2+3.189xlny),11,0.45782,0.39005,10.803,23.592,6.7554,simple,3
z=(A+Bx+Cx^2+Dy+Ey^2)/(1+Fx+Gx^2+Hx^3+Iy+Jy^2),z=(126.57+72.818x-185.31x^2-109.54y+22.605y^2)/(1+2.3431x-9.0258x^2+10.452x^3-0.9701y+0.19933y^2),10,0.44717,0.38506,10.847,24.636,7.199,simple,3
z=(A+Bx+Cx^2+Dy+Ey^2)/(1+Fx+Gx^2+Hx^3+Iy+Jy^2),z=(126.57+72.818x-185.31x^2-109.54y+22.605y^2)/(1+2.3431x-9.0258x^2+10.452x^3-0.9701y+0.19933y^2),10,0.44717,0.38506,10.847,24.636,7.199,simple,3
z=(A+Bx+Cx^2+Dy+Ey^2)/(1+Fx+Gx^2+Hy+Iy^2),z=(100.93-142.52x+291.26x^2-65.432y+12.855y^2)/(1-1.3404x+2.7022x^2-0.65221y+0.12785y^2),9,0.444,0.3884,10.818,26.258,7.9856,simple,3
z=(A+Bx+Cx^2+Dy+Ey^2)/(1+Fx+Gx^2+Hy+Iy^2),z=(100.93-142.52x+291.26x^2-65.432y+12.855y^2)/(1-1.3404x+2.7022x^2-0.65221y+0.12785y^2),9,0.444,0.3884,10.818,26.258,7.9856,simple,3
z=(A+Bx+Cx^2+Dx^3+Ey+Fy^2)/(1+Gx+Hx^2+Iy+Jy^2),z=(93.249-140.79x+50.876x^2+640.14x^3-55.811y+10.958y^2)/(1-2.3593x+4.7734x^2-0.55425y+0.1086y^2),10,0.4349,0.3714,10.967,24.409,6.8493,simple,3
z=(A+Bx+Cx^2+Dx^3+Ey+Fy^2)/(1+Gx+Hx^2+Iy+Jy^2),z=(93.249-140.79x+50.876x^2+640.14x^3-55.811y+10.958y^2)/(1-2.3593x+4.7734x^2-0.55425y+0.1086y^2),10,0.4349,0.3714,10.967,24.409,6.8493,simple,3
z=A+Bx+Cx^2+Dx^3+Ex^4+Flny+G(lny)^2+H(lny)^3+I(lny)^4+J(lny)^5,z=64957+10707x-106980x^2+405620x^3-522750x^4-159710lny-56694(lny)^2+476960(lny)^3-470340(lny)^4+144650(lny)^5,10,0.43358,0.36993,10.98,24.603,6.8126,simple,3
z=A+Bx+Cx^2+Dx^3+Ex^4+Flny+G(lny)^2+H(lny)^3+I(lny)^4+J(lny)^5,z=64957+10707x-106980x^2+405620x^3-522750x^4-159710lny-56694(lny)^2+476960(lny)^3-470340(lny)^4+144650(lny)^5,10,0.43358,0.36993,10.98,24.603,6.8126,simple,3
z=A+Blnx+C(lnx)^2+D(lnx)^3+Elny+F(lny)^2+G(lny)^3+H(lny)^4+I(lny)^5,z=73609-534.73lnx-775.41(lnx)^2-254.54(lnx)^3-222160lny+118210(lny)^2+242880(lny)^3-318500(lny)^4+106140(lny)^5,9,0.43356,0.37692,10.919,23.851,7.6541,simple,3
z=A+Blnx+C(lnx)^2+D(lnx)^3+Elny+F(lny)^2+G(lny)^3+H(lny)^4+I(lny)^5,z=73609-534.73lnx-775.41(lnx)^2-254.54(lnx)^3-222160lny+118210(lny)^2+242880(lny)^3-318500(lny)^4+106140(lny)^5,9,0.43356,0.37692,10.919,23.851,7.6541,simple,3
z=A+Bx+Clny+Dx^2+E(lny)^2+Fxlny+Gx^3+H(lny)^3+Ix(lny)^2+Jx^2lny,z=25519-34320x-75148lny+73010x^2+78453(lny)^2+34347xlny+10766x^3-29115(lny)^3+3319.5x(lny)^2-82659x^2lny,10,0.43279,0.36906,10.988,24.103,6.7908,simple,3
z=A+Bx+Clny+Dx^2+E(lny)^2+Fxlny+Gx^3+H(lny)^3+Ix(lny)^2+Jx^2lny,z=25519-34320x-75148lny+73010x^2+78453(lny)^2+34347xlny+10766x^3-29115(lny)^3+3319.5x(lny)^2-82659x^2lny,10,0.43279,0.36906,10.988,24.103,6.7908,simple,3
z=A+Blnx+C(lnx)^2+D(lnx)^3+E(lnx)^4+Fy+Gy^2+Hy^3+Iy^4,z=243280-29671lnx-29708(lnx)^2-12984(lnx)^3-2093.6(lnx)^4-395390y+230110y^2-59356y^3+5725.7y^4,9,0.43261,0.37587,10.928,24.968,7.6246,simple,3
z=A+Blnx+C(lnx)^2+D(lnx)^3+E(lnx)^4+Fy+Gy^2+Hy^3+Iy^4,z=243280-29671lnx-29708(lnx)^2-12984(lnx)^3-2093.6(lnx)^4-395390y+230110y^2-59356y^3+5725.7y^4,9,0.43261,0.37587,10.928,24.968,7.6246,simple,3
z=A+Blnx+Clny+D(lnx)^2+E(lny)^2+Flnxlny+G(lnx)^3+H(lny)^3+Ilnx(lny)^2+J(lnx)^2lny,z=26449+9045.1lnx-72253lny+4270.9(lnx)^2+75962(lny)^2-5115.3lnxlny+316.38(lnx)^3-28699(lny)^3-1502.5lnx(lny)^2-2783.5(lnx)^2lny,10,0.43205,0.36823,10.995,24.598,6.7704,simple,3
z=A+Blnx+Clny+D(lnx)^2+E(lny)^2+Flnxlny+G(lnx)^3+H(lny)^3+Ilnx(lny)^2+J(lnx)^2lny,z=26449+9045.1lnx-72253lny+4270.9(lnx)^2+75962(lny)^2-5115.3lnxlny+316.38(lnx)^3-28699(lny)^3-1502.5lnx(lny)^2-2783.5(lnx)^2lny,10,0.43205,0.36823,10.995,24.598,6.7704,simple,3
z=(A+Bx+Cx^2+Dx^3+Ey+Fy^2)/(1+Gx+Hy+Iy^2),z=(100.95-14.998x+48.386x^2-31.554x^3-78.16y+15.364y^2)/(1+0.0088862x-0.78421y+0.15382y^2),9,0.43141,0.37455,10.94,24.135,7.5873,simple,3
z=(A+Bx+Cx^2+Dx^3+Ey+Fy^2)/(1+Gx+Hy+Iy^2),z=(100.95-14.998x+48.386x^2-31.554x^3-78.16y+15.364y^2)/(1+0.0088862x-0.78421y+0.15382y^2),9,0.43141,0.37455,10.94,24.135,7.5873,simple,3
z=A+Blnx+C(lnx)^2+D(lnx)^3+Elny+F(lny)^2+G(lny)^3,z=23205+447.5lnx-115.37(lnx)^2-107.47(lnx)^3-75096lny+83143(lny)^2-30588(lny)^3,7,0.4312,0.38792,10.822,24.342,9.9635,simple,3
z=A+Blnx+C(lnx)^2+D(lnx)^3+Elny+F(lny)^2+G(lny)^3,z=23205+447.5lnx-115.37(lnx)^2-107.47(lnx)^3-75096lny+83143(lny)^2-30588(lny)^3,7,0.4312,0.38792,10.822,24.342,9.9635,simple,3
z=(A+Bx+Cx^2+Dy+Ey^2+Fy^3)/(1+Gx+Hy+Iy^2+Jy^3),z=(-11352-446.2x+1643.7x^2+18390y-9146.3y^2+1444.6y^3)/(1+2.3018x+46.073y-36.531y^2+7.1519y^3),10,0.43115,0.36724,11.003,27.918,6.7457,simple,3
z=(A+Bx+Cx^2+Dy+Ey^2+Fy^3)/(1+Gx+Hy+Iy^2+Jy^3),z=(-11352-446.2x+1643.7x^2+18390y-9146.3y^2+1444.6y^3)/(1+2.3018x+46.073y-36.531y^2+7.1519y^3),10,0.43115,0.36724,11.003,27.918,6.7457,simple,3
z=A+Blnx+C(lnx)^2+D(lnx)^3+E(lnx)^4+Flny+G(lny)^2+H(lny)^3,z=21408-3978.6lnx-4514.8(lnx)^2-2045(lnx)^3-318.97(lnx)^4-74655lny+82653(lny)^2-30407(lny)^3,8,0.43103,0.38102,10.883,24.593,8.6174,simple,3
z=A+Blnx+C(lnx)^2+D(lnx)^3+E(lnx)^4+Flny+G(lny)^2+H(lny)^3,z=21408-3978.6lnx-4514.8(lnx)^2-2045(lnx)^3-318.97(lnx)^4-74655lny+82653(lny)^2-30407(lny)^3,8,0.43103,0.38102,10.883,24.593,8.6174,simple,3
z=A+Blnx+C(lnx)^2+Dlny+E(lny)^2+F(lny)^3,z=23957+1189.4lnx+374.88(lnx)^2-76346lny+84516(lny)^2-31091(lny)^3,6,0.43101,0.3943,10.766,24.444,11.741,simple,3
z=A+Blnx+C(lnx)^2+Dlny+E(lny)^2+F(lny)^3,z=23957+1189.4lnx+374.88(lnx)^2-76346lny+84516(lny)^2-31091(lny)^3,6,0.43101,0.3943,10.766,24.444,11.741,simple,3
z=A+Bx+Cx^2+Dx^3+Ex^4+Flny+G(lny)^2+H(lny)^3,z=24697-27699x+161040x^2-418530x^3+419800x^4-76063lny+84220(lny)^2-30987(lny)^3,8,0.43048,0.38041,10.888,24.638,8.5979,simple,3
z=A+Bx+Cx^2+Dx^3+Ex^4+Flny+G(lny)^2+H(lny)^3,z=24697-27699x+161040x^2-418530x^3+419800x^4-76063lny+84220(lny)^2-30987(lny)^3,8,0.43048,0.38041,10.888,24.638,8.5979,simple,3
z=A+B/x+C/x^2+D/x^3+E/x^4+F/x^5+Gy+Hy^2+Iy^3,z=56802-30231/x+13087/x^2-2829.2/x^3+304.84/x^4-13.076/x^5-35008y+14176y^2-1908.3y^3,9,0.43028,0.37331,10.95,24.578,7.5526,simple,3
z=A+B/x+C/x^2+D/x^3+E/x^4+F/x^5+Gy+Hy^2+Iy^3,z=56802-30231/x+13087/x^2-2829.2/x^3+304.84/x^4-13.076/x^5-35008y+14176y^2-1908.3y^3,9,0.43028,0.37331,10.95,24.578,7.5526,simple,3
z=A+B/x+Clny+D/x^2+E(lny)^2+F(lny)/x+G/x^3+H(lny)^3+I(lny)^2/x+J(lny)/x^2,z=19711-250.16/x-63505lny+146.06/x^2+72778(lny)^2-1065.1(lny)/x-5.5689/x^3-28027(lny)^3+834(lny)^2/x-56.4(lny)/x^2,10,0.43027,0.36625,11.012,24.008,6.7214,simple,3
z=A+B/x+Clny+D/x^2+E(lny)^2+F(lny)/x+G/x^3+H(lny)^3+I(lny)^2/x+J(lny)/x^2,z=19711-250.16/x-63505lny+146.06/x^2+72778(lny)^2-1065.1(lny)/x-5.5689/x^3-28027(lny)^3+834(lny)^2/x-56.4(lny)/x^2,10,0.43027,0.36625,11.012,24.008,6.7214,simple,3
z=A+Blnx+Cy+D(lnx)^2+Ey^2+Fylnx+G(lnx)^3+Hy^3+Iy^2lnx+Jy(lnx)^2,z=28639+7458.6lnx-30032y+3965.5(lnx)^2+11886y^2-964.13ylnx+291.35(lnx)^3-1662.3y^3-336.12y^2lnx-940.35y(lnx)^2,10,0.43016,0.36613,11.013,24.27,6.7184,simple,3
z=A+Blnx+Cy+D(lnx)^2+Ey^2+Fylnx+G(lnx)^3+Hy^3+Iy^2lnx+Jy(lnx)^2,z=28639+7458.6lnx-30032y+3965.5(lnx)^2+11886y^2-964.13ylnx+291.35(lnx)^3-1662.3y^3-336.12y^2lnx-940.35y(lnx)^2,10,0.43016,0.36613,11.013,24.27,6.7184,simple,3
z=A+Bx+Cx^2+Dx^3+Ex^4+Fy+Gy^2+Hy^3,z=30018-33037x+198460x^2-533880x^3+551870x^4-33932y+13736y^2-1848.5y^3,8,0.42961,0.37946,10.897,24.3,8.5674,simple,3
z=A+Bx+Cx^2+Dx^3+Ex^4+Fy+Gy^2+Hy^3,z=30018-33037x+198460x^2-533880x^3+551870x^4-33932y+13736y^2-1848.5y^3,8,0.42961,0.37946,10.897,24.3,8.5674,simple,3
z=(A+Bx+Cx^2+Dx^3+Ey)/(1+Fx+Gx^2+Hy+Iy^2+Jy^3),z=(3019.5-18005x-1488.7x^2+101630x^3+1.8587y)/(1-342.07x+687.28x^2+50.864y-20.612y^2+2.7764y^3),10,0.42957,0.36547,11.019,23.897,6.7021,simple,3
z=(A+Bx+Cx^2+Dx^3+Ey)/(1+Fx+Gx^2+Hy+Iy^2+Jy^3),z=(3019.5-18005x-1488.7x^2+101630x^3+1.8587y)/(1-342.07x+687.28x^2+50.864y-20.612y^2+2.7764y^3),10,0.42957,0.36547,11.019,23.897,6.7021,simple,3
z=(A+Bx+Cx^2+Dy+Ey^2+Fy^3)/(1+Gx+Hy),z=(33679000-3197800x+6041700x^2-40408000y+16329000y^2-2187500y^3)/(1-7315.7x+1132.2y),8,0.42946,0.3793,10.898,23.59,8.5623,simple,3
z=(A+Bx+Cx^2+Dy+Ey^2+Fy^3)/(1+Gx+Hy),z=(33679000-3197800x+6041700x^2-40408000y+16329000y^2-2187500y^3)/(1-7315.7x+1132.2y),8,0.42946,0.3793,10.898,23.59,8.5623,simple,3
z=A+Blnx+C(lnx)^2+Dy+Ey^2+Fy^3,z=28668+1176.5lnx+370.61(lnx)^2-33650y+13619y^2-1832.3y^3,6,0.42918,0.39235,10.783,24.627,11.654,simple,3
z=A+Blnx+C(lnx)^2+Dy+Ey^2+Fy^3,z=28668+1176.5lnx+370.61(lnx)^2-33650y+13619y^2-1832.3y^3,6,0.42918,0.39235,10.783,24.627,11.654,simple,3
z=A+Blnx+C(lnx)^2+D(lnx)^3+Ey+Fy^2+Gy^3,z=27967+579.76lnx-23.724(lnx)^2-86.447(lnx)^3-33166y+13425y^2-1806.4y^3,7,0.42731,0.38373,10.859,23.786,9.8064,simple,3
z=A+Blnx+C(lnx)^2+D(lnx)^3+Ey+Fy^2+Gy^3,z=27967+579.76lnx-23.724(lnx)^2-86.447(lnx)^3-33166y+13425y^2-1806.4y^3,7,0.42731,0.38373,10.859,23.786,9.8064,simple,3
z=A+Bx+Cx^2+Dlny+E(lny)^2+F(lny)^3,z=24501-2947.3x+7142.6x^2-80244lny+88797(lny)^2-32656(lny)^3,6,0.42673,0.38974,10.806,23.396,11.538,simple,3
z=A+Bx+Cx^2+Dlny+E(lny)^2+F(lny)^3,z=24501-2947.3x+7142.6x^2-80244lny+88797(lny)^2-32656(lny)^3,6,0.42673,0.38974,10.806,23.396,11.538,simple,3
z=(A+Bx+Cx^2+Dy+Ey^2)/(1+Fx+Gy+Hy^2),z=(100.58-9.9111x+27.235x^2-78.156y+15.348y^2)/(1+0.013025x-0.78447y+0.15375y^2),8,0.42669,0.37629,10.924,27.58,8.4659,simple,3
z=(A+Bx+Cx^2+Dy+Ey^2)/(1+Fx+Gy+Hy^2),z=(100.58-9.9111x+27.235x^2-78.156y+15.348y^2)/(1+0.013025x-0.78447y+0.15375y^2),8,0.42669,0.37629,10.924,27.58,8.4659,simple,3
z=(A+Cx+Ey+Gx^2+Iy^2+Kxy)/(1+Bx+Dy+Fx^2+Hy^2+Jxy),z=(98.413+71.686x-85.328y+1647.4x^2+34.478y^2-353.97xy)/(1+0.37517x-0.82807y+15.919x^2+0.32753y^2-3.302xy),11,0.42602,0.35428,11.116,29.171,5.9379,simple,3
z=(A+Cx+Ey+Gx^2+Iy^2+Kxy)/(1+Bx+Dy+Fx^2+Hy^2+Jxy),z=(98.413+71.686x-85.328y+1647.4x^2+34.478y^2-353.97xy)/(1+0.37517x-0.82807y+15.919x^2+0.32753y^2-3.302xy),11,0.42602,0.35428,11.116,29.171,5.9379,simple,3
z=(A+Bx+Cx^2+Dy)/(1+Ex+Fx^2+Gy+Hy^2+Iy^3),z=(646150-5091100x+10282000x^2-3752.8y)/(1-49541x+99245x^2+7889.2y-3286.1y^2+451.45y^3),9,0.42455,0.367,11.005,25.009,7.3776,simple,3
z=(A+Bx+Cx^2+Dy)/(1+Ex+Fx^2+Gy+Hy^2+Iy^3),z=(646150-5091100x+10282000x^2-3752.8y)/(1-49541x+99245x^2+7889.2y-3286.1y^2+451.45y^3),9,0.42455,0.367,11.005,25.009,7.3776,simple,3
z=A+B/x+Cy+D/x^2+Ey^2+Fy/x+G/x^3+Hy^3+Iy^2/x+Jy/x^2,z=21887+216.62/x-26680y+122.34/x^2+11382y^2-681.61y/x-5.2242/x^3-1618.4y^3+156.75y^2/x-12.917y/x^2,10,0.42392,0.3592,11.073,25.709,6.5494,simple,3
z=A+B/x+Cy+D/x^2+Ey^2+Fy/x+G/x^3+Hy^3+Iy^2/x+Jy/x^2,z=21887+216.62/x-26680y+122.34/x^2+11382y^2-681.61y/x-5.2242/x^3-1618.4y^3+156.75y^2/x-12.917y/x^2,10,0.42392,0.3592,11.073,25.709,6.5494,simple,3
z=A+Bx+Cx^2+Dx^3+Elny+F(lny)^2+G(lny)^3,z=23198-9237.5x+35623x^2-42560x^3-74431lny+82402(lny)^2-30314(lny)^3,7,0.42373,0.37989,10.893,25.617,9.6641,simple,3
z=A+Bx+Cx^2+Dx^3+Elny+F(lny)^2+G(lny)^3,z=23198-9237.5x+35623x^2-42560x^3-74431lny+82402(lny)^2-30314(lny)^3,7,0.42373,0.37989,10.893,25.617,9.6641,simple,3
z=A+Bx+Cx^2+Dy+Ey^2+Fy^3,z=29620-2911.5x+7062.4x^2-35556y+14383y^2-1934.4y^3,6,0.42248,0.38522,10.846,25.209,11.339,simple,3
z=A+Bx+Cx^2+Dy+Ey^2+Fy^3,z=29620-2911.5x+7062.4x^2-35556y+14383y^2-1934.4y^3,6,0.42248,0.38522,10.846,25.209,11.339,simple,3
z=(A+Bx+Cx^2+Dy+Ey^2+Fy^3)/(1+Gx+Hx^2+Iy+Jy^2),z=(-15.845-99.719x+200.04x^2+70.883y-42.193y^2+7.3534y^3)/(1-0.99594x+1.9845x^2-0.67842y+0.13154y^2),10,0.42226,0.35735,11.089,30.791,6.505,simple,3
z=(A+Bx+Cx^2+Dy+Ey^2+Fy^3)/(1+Gx+Hx^2+Iy+Jy^2),z=(-15.845-99.719x+200.04x^2+70.883y-42.193y^2+7.3534y^3)/(1-0.99594x+1.9845x^2-0.67842y+0.13154y^2),10,0.42226,0.35735,11.089,30.791,6.505,simple,3
z=A+Bx+Cx^2+Dx^3+Ey+Fy^2+Gy^3,z=27833-8804.5x+33748x^2-39882x^3-32886y+13311y^2-1791y^3,7,0.42089,0.37683,10.92,25.77,9.5521,simple,3
z=A+Bx+Cx^2+Dx^3+Ey+Fy^2+Gy^3,z=27833-8804.5x+33748x^2-39882x^3-32886y+13311y^2-1791y^3,7,0.42089,0.37683,10.92,25.77,9.5521,simple,3
z=(A+Bx+Cx^2+Dx^3+Ey)/(1+Fx+Gx^2+Hx^3+Iy+Jy^2),z=(-45.668+4047.8x-28276x^2+54564x^3-16.961y)/(1+39.164x-272.94x^2+523.16x^3-1.2597y+0.21164y^2),10,0.4176,0.35216,11.134,25.123,6.3816,simple,3
z=(A+Bx+Cx^2+Dx^3+Ey)/(1+Fx+Gx^2+Hx^3+Iy+Jy^2),z=(-45.668+4047.8x-28276x^2+54564x^3-16.961y)/(1+39.164x-272.94x^2+523.16x^3-1.2597y+0.21164y^2),10,0.4176,0.35216,11.134,25.123,6.3816,simple,3
z=(A+Bx+Cx^2+Dy)/(1+Ex+Fx^2+Gy+Hy^2),z=(85.6-653.47x+1329.9x^2-1.7308y)/(1-6.3601x+12.823x^2-0.14098y+0.023993y^2),8,0.41756,0.36636,11.011,25.149,8.1551,simple,3
z=(A+Bx+Cx^2+Dy)/(1+Ex+Fx^2+Gy+Hy^2),z=(85.6-653.47x+1329.9x^2-1.7308y)/(1-6.3601x+12.823x^2-0.14098y+0.023993y^2),8,0.41756,0.36636,11.011,25.149,8.1551,simple,3
z=(A+Bx+Cx^2+Dx^3+Ey+Fy^2)/(1+Gx+Hx^2+Iy),z=(66.084-420.69x+2.134x^2+2275.9x^3+3.5999y-0.84228y^2)/(1-7.8669x+15.817x^2-0.007548y),9,0.41515,0.35667,11.095,24.012,7.0985,simple,3
z=(A+Bx+Cx^2+Dx^3+Ey+Fy^2)/(1+Gx+Hx^2+Iy),z=(66.084-420.69x+2.134x^2+2275.9x^3+3.5999y-0.84228y^2)/(1-7.8669x+15.817x^2-0.007548y),9,0.41515,0.35667,11.095,24.012,7.0985,simple,3
z=(A+Bx+Cx^2+Dx^3+Ey)/(1+Fx+Gy+Hy^2+Iy^3),z=(175600-1815900x+7656600x^2-10685000x^3-9443.3y)/(1-326.28x+1036.1y-697.09y^2+123.59y^3),9,0.41444,0.35588,11.102,24.391,7.0776,simple,3
z=(A+Bx+Cx^2+Dx^3+Ey)/(1+Fx+Gy+Hy^2+Iy^3),z=(175600-1815900x+7656600x^2-10685000x^3-9443.3y)/(1-326.28x+1036.1y-697.09y^2+123.59y^3),9,0.41444,0.35588,11.102,24.391,7.0776,simple,3
z=(A+Bx+Cx^2+Dy+Ey^2)/(1+Fx+Gx^2+Hy),z=(86.164-776.72x+1576.4x^2+9.9599y-2.2897y^2)/(1-7.5943x+15.284x^2-0.018847y),8,0.41359,0.36204,11.048,25.099,8.0227,simple,3
z=(A+Bx+Cx^2+Dy+Ey^2)/(1+Fx+Gx^2+Hy),z=(86.164-776.72x+1576.4x^2+9.9599y-2.2897y^2)/(1-7.5943x+15.284x^2-0.018847y),8,0.41359,0.36204,11.048,25.099,8.0227,simple,3
z=(A+Bx+Cx^2+Dx^3+Ey)/(1+Fx+Gy+Hy^2),z=(94.304-981.6x+4158x^2-5848.6x^3-5.0559y)/(1-0.19075x-0.66095y+0.11865y^2),8,0.41191,0.36021,11.064,24.509,7.9674,simple,3
z=(A+Bx+Cx^2+Dx^3+Ey)/(1+Fx+Gy+Hy^2),z=(94.304-981.6x+4158x^2-5848.6x^3-5.0559y)/(1-0.19075x-0.66095y+0.11865y^2),8,0.41191,0.36021,11.064,24.509,7.9674,simple,3
z=A+Bx+Cx^2+Dx^3+Elny+F(lny)^2+G(lny)^3+H(lny)^4,z=151990-12082x+48307x^2-61223x^3-636600lny+1002900(lny)^2-699320(lny)^3+182100(lny)^4,8,0.41022,0.35837,11.08,24.678,7.9119,simple,3
z=A+Bx+Cx^2+Dx^3+Elny+F(lny)^2+G(lny)^3+H(lny)^4,z=151990-12082x+48307x^2-61223x^3-636600lny+1002900(lny)^2-699320(lny)^3+182100(lny)^4,8,0.41022,0.35837,11.08,24.678,7.9119,simple,3
z=(A+Bx+Cx^2+Dy)/(1+Ex+Fy+Gy^2+Hy^3),z=(71132-244190x+937240x^2-21719y)/(1+1397.3x+1149.7y-921.79y^2+170.41y^3),8,0.40928,0.35735,11.089,23.368,7.8812,simple,3
z=(A+Bx+Cx^2+Dy)/(1+Ex+Fy+Gy^2+Hy^3),z=(71132-244190x+937240x^2-21719y)/(1+1397.3x+1149.7y-921.79y^2+170.41y^3),8,0.40928,0.35735,11.089,23.368,7.8812,simple,3
z=A+Bx+Cx^2+Dx^3+Ex^4+Fx^5+Glny+H(lny)^2+I(lny)^3+J(lny)^4,z=130010+328340x-3003200x^2+13534000x^3-30118000x^4+26545000x^5-606010lny+952000(lny)^2-661710(lny)^3+171690(lny)^4,10,0.40889,0.34247,11.217,27.192,6.1563,simple,3
z=A+Bx+Cx^2+Dx^3+Ex^4+Fx^5+Glny+H(lny)^2+I(lny)^3+J(lny)^4,z=130010+328340x-3003200x^2+13534000x^3-30118000x^4+26545000x^5-606010lny+952000(lny)^2-661710(lny)^3+171690(lny)^4,10,0.40889,0.34247,11.217,27.192,6.1563,simple,3
z=(A+Bx+Cx^2+Dx^3+Ey)/(1+Fx+Gx^2+Hy),z=(73.042-461.17x+151.93x^2+2061.5x^3+0.34961y)/(1-7.9889x+15.958x^2+0.0010843y),8,0.40807,0.35603,11.1,23.977,7.8418,simple,3
z=(A+Bx+Cx^2+Dx^3+Ey)/(1+Fx+Gx^2+Hy),z=(73.042-461.17x+151.93x^2+2061.5x^3+0.34961y)/(1-7.9889x+15.958x^2+0.0010843y),8,0.40807,0.35603,11.1,23.977,7.8418,simple,3
z=(A+Blnx+C(lnx)^2+Dy)/(1+Elnx+Fy+Gy^2),z=(62.225+50.201lnx+13.665(lnx)^2-5.8506y)/(1+0.065526lnx-0.62525y+0.11062y^2),7,0.4072,0.36209,11.048,23.43,9.0278,simple,3
z=(A+Blnx+C(lnx)^2+Dy)/(1+Elnx+Fy+Gy^2),z=(62.225+50.201lnx+13.665(lnx)^2-5.8506y)/(1+0.065526lnx-0.62525y+0.11062y^2),7,0.4072,0.36209,11.048,23.43,9.0278,simple,3
z=(A+Bx+Cx^2+Dy)/(1+Ex+Fx^2+Gy),z=(99.225-803.94x+1608.7x^2+0.823y)/(1-7.96x+15.836x^2+0.003064y),7,0.40635,0.36118,11.056,25.435,8.9961,simple,3
z=(A+Bx+Cx^2+Dy)/(1+Ex+Fx^2+Gy),z=(99.225-803.94x+1608.7x^2+0.823y)/(1-7.96x+15.836x^2+0.003064y),7,0.40635,0.36118,11.056,25.435,8.9961,simple,3
z=(A+Bx+Cx^2+Dx^3+Ey+Fy^2)/(1+Gx+Hy),z=(147.82-4779.9x+20319x^2-28995x^3+213.18y-45.295y^2)/(1-1.2966x-0.20189y),8,0.40612,0.35391,11.119,24.542,7.7788,simple,3
z=(A+Bx+Cx^2+Dx^3+Ey+Fy^2)/(1+Gx+Hy),z=(147.82-4779.9x+20319x^2-28995x^3+213.18y-45.295y^2)/(1-1.2966x-0.20189y),8,0.40612,0.35391,11.119,24.542,7.7788,simple,3
z=(A+Bx+Cx^2+Dy)/(1+Ex+Fy+Gy^2),z=(26.02-89.492x+351.92x^2-8.0824y)/(1+0.54534x-0.77367y+0.13529y^2),7,0.40601,0.36082,11.059,23.318,8.9837,simple,3
z=(A+Bx+Cx^2+Dy)/(1+Ex+Fy+Gy^2),z=(26.02-89.492x+351.92x^2-8.0824y)/(1+0.54534x-0.77367y+0.13529y^2),7,0.40601,0.36082,11.059,23.318,8.9837,simple,3
z=A+Bx+Cx^2+Dx^3+Ex^4+Fy+Gy^2,z=-4197.4+68551x-507720x^2+1634400x^3-1929500x^4+675.02y-125.1y^2,7,0.40318,0.35776,11.085,25.026,8.8784,simple,3
z=A+Bx+Cx^2+Dx^3+Ex^4+Fy+Gy^2,z=-4197.4+68551x-507720x^2+1634400x^3-1929500x^4+675.02y-125.1y^2,7,0.40318,0.35776,11.085,25.026,8.8784,simple,3
z=(A+Bx+Cy)/(1+Dx+Ex^2+Fy+Gy^2),z=(6.2777+80.059x-7.8414y)/(1+2.4595x-4.063x^2-0.94195y+0.16844y^2),7,0.40229,0.35681,11.094,22.967,8.8459,simple,3
z=(A+Bx+Cy)/(1+Dx+Ex^2+Fy+Gy^2),z=(6.2777+80.059x-7.8414y)/(1+2.4595x-4.063x^2-0.94195y+0.16844y^2),7,0.40229,0.35681,11.094,22.967,8.8459,simple,3
z=(A+Bx+Cx^2+Dx^3+Ey+Fy^2)/(1+Gx+Hx^2+Ix^3+Jy),z=(-600.04+18518x-135200x^2+264900x^3+309.88y-73.212y^2)/(1+155.1x-1205x^2+2404.3x^3-0.68544y),10,0.40093,0.33362,11.292,25.768,5.9564,simple,3
z=(A+Bx+Cx^2+Dx^3+Ey+Fy^2)/(1+Gx+Hx^2+Ix^3+Jy),z=(-600.04+18518x-135200x^2+264900x^3+309.88y-73.212y^2)/(1+155.1x-1205x^2+2404.3x^3-0.68544y),10,0.40093,0.33362,11.292,25.768,5.9564,simple,3
z=A+Bx+Cx^2+Dx^3+Ey+Fy^2,z=354.06-17086x+72421x^2-99312x^3+796.55y-149.55y^2,6,0.40068,0.36201,11.049,24.181,10.362,simple,3
z=A+Bx+Cx^2+Dx^3+Ey+Fy^2,z=354.06-17086x+72421x^2-99312x^3+796.55y-149.55y^2,6,0.40068,0.36201,11.049,24.181,10.362,simple,3
z=A+Blnx+C(lnx)^2+D(lnx)^3+Ey+Fy^2,z=-2567.1-3729.2lnx-2826.4(lnx)^2-690.7(lnx)^3+833.97y-157.16y^2,6,0.39899,0.36022,11.064,23.826,10.29,simple,3
z=A+Blnx+C(lnx)^2+D(lnx)^3+Ey+Fy^2,z=-2567.1-3729.2lnx-2826.4(lnx)^2-690.7(lnx)^3+833.97y-157.16y^2,6,0.39899,0.36022,11.064,23.826,10.29,simple,3
z=(A+Blnx+C(lnx)^2+Dy+Ey^2)/(1+Flnx+Gy),z=(-13.241+189.74lnx+51.128(lnx)^2+170.19y-36.919y^2)/(1+0.26201lnx-0.19585y),7,0.39892,0.35319,11.125,23.42,8.7227,simple,3
z=(A+Blnx+C(lnx)^2+Dy+Ey^2)/(1+Flnx+Gy),z=(-13.241+189.74lnx+51.128(lnx)^2+170.19y-36.919y^2)/(1+0.26201lnx-0.19585y),7,0.39892,0.35319,11.125,23.42,8.7227,simple,3
z=A+B/x+Cy+D/x^2+Ey^2+Fy/x,z=-134.06-249.86/x+605.45y+18.078/x^2-135y^2+28.761y/x,6,0.39846,0.35965,11.069,23.875,10.267,simple,3
z=A+B/x+Cy+D/x^2+Ey^2+Fy/x,z=-134.06-249.86/x+605.45y+18.078/x^2-135y^2+28.761y/x,6,0.39846,0.35965,11.069,23.875,10.267,simple,3
z=A+B/x+C/x^2+D/x^3+Ey+Fy^2,z=-856.93-4.4011/x-18.507/x^2+2.5138/x^3+851.07y-160.7y^2,6,0.39813,0.3593,11.072,23.739,10.253,simple,3
z=A+B/x+C/x^2+D/x^3+Ey+Fy^2,z=-856.93-4.4011/x-18.507/x^2+2.5138/x^3+851.07y-160.7y^2,6,0.39813,0.3593,11.072,23.739,10.253,simple,3
z=(A+Bx+Cx^2+Dy+Ey^2)/(1+Fx+Gy),z=(-611.13-962.73x+3871.6x^2+599.32y-132.11y^2)/(1+6.1785x-0.79659y),7,0.398,0.35219,11.133,23.255,8.689,simple,3
z=(A+Bx+Cx^2+Dy+Ey^2)/(1+Fx+Gy),z=(-611.13-962.73x+3871.6x^2+599.32y-132.11y^2)/(1+6.1785x-0.79659y),7,0.398,0.35219,11.133,23.255,8.689,simple,3
z=A+B/x+C/x^2+Dy+Ey^2,z=-622.33-166.23/x+16.63/x^2+861.09y-162.9y^2,5,0.39759,0.36554,11.018,23.71,12.408,simple,3
z=A+B/x+C/x^2+Dy+Ey^2,z=-622.33-166.23/x+16.63/x^2+861.09y-162.9y^2,5,0.39759,0.36554,11.018,23.71,12.408,simple,3
z=A+B/x+Clny+D/x^2+E(lny)^2+F(lny)/x,z=143.25-251.09/x+1064.5lny+18.082/x^2-695.55(lny)^2+80.074(lny)/x,6,0.3964,0.35746,11.088,23.885,10.179,simple,3
z=A+B/x+Clny+D/x^2+E(lny)^2+F(lny)/x,z=143.25-251.09/x+1064.5lny+18.082/x^2-695.55(lny)^2+80.074(lny)/x,6,0.3964,0.35746,11.088,23.885,10.179,simple,3
z=A+B/x+C/x^2+D/x^3+E/x^4+Fy+Gy^2,z=-6393.8+4941.4/x-1635/x^2+235.58/x^3-12.505/x^4+771.23y-144.42y^2,7,0.39595,0.34999,11.152,25.85,8.6149,simple,3
z=A+B/x+C/x^2+D/x^3+E/x^4+Fy+Gy^2,z=-6393.8+4941.4/x-1635/x^2+235.58/x^3-12.505/x^4+771.23y-144.42y^2,7,0.39595,0.34999,11.152,25.85,8.6149,simple,3
z=A+Blnx+Cy+D(lnx)^2+Ey^2+Fylnx,z=489.9+1438.9lnx+529.54y+350.61(lnx)^2-133.36y^2-130.93ylnx,6,0.39566,0.35667,11.095,23.611,10.148,simple,3
z=A+Blnx+Cy+D(lnx)^2+Ey^2+Fylnx,z=489.9+1438.9lnx+529.54y+350.61(lnx)^2-133.36y^2-130.93ylnx,6,0.39566,0.35667,11.095,23.611,10.148,simple,3
z=A+B/x+C/y+D/x^2+E/y^2+F/(xy),z=-251.78-89.568/x+3316.7/y+18.093/x^2-3382.8/y^2-219.94/(xy),6,0.39465,0.3556,11.104,23.911,10.105,simple,3
z=A+B/x+C/y+D/x^2+E/y^2+F/(xy),z=-251.78-89.568/x+3316.7/y+18.093/x^2-3382.8/y^2-219.94/(xy),6,0.39465,0.3556,11.104,23.911,10.105,simple,3
z=A+Blnx+C(lnx)^2+Dy+Ey^2,z=-228.39+1020.9lnx+318.26(lnx)^2+870.88y-165.11y^2,5,0.39457,0.36237,11.046,23.505,12.252,simple,3
z=A+Blnx+C(lnx)^2+Dy+Ey^2,z=-228.39+1020.9lnx+318.26(lnx)^2+870.88y-165.11y^2,5,0.39457,0.36237,11.046,23.505,12.252,simple,3
z=A+Blnx+Clny+D(lnx)^2+E(lny)^2+Flnxlny,z=757.21+1435.2lnx+867lny+349.75(lnx)^2-684.79(lny)^2-357.11lnxlny,6,0.39348,0.35434,11.115,23.722,10.055,simple,3
z=A+Blnx+Clny+D(lnx)^2+E(lny)^2+Flnxlny,z=757.21+1435.2lnx+867lny+349.75(lnx)^2-684.79(lny)^2-357.11lnxlny,6,0.39348,0.35434,11.115,23.722,10.055,simple,3
z=A+Blnx+C(lnx)^2+Dlny+E(lny)^2,z=51.911+1007.9lnx+314.03(lnx)^2+1756.4lny-898.64(lny)^2,5,0.39219,0.35986,11.067,23.575,12.131,simple,3
z=A+Blnx+C(lnx)^2+Dlny+E(lny)^2,z=51.911+1007.9lnx+314.03(lnx)^2+1756.4lny-898.64(lny)^2,5,0.39219,0.35986,11.067,23.575,12.131,simple,3
z=A+Bx+Cx^2+Dx^3+Ex^4+Fy,z=-6224.5+120020x-858930x^2+2692700x^3-3118400x^4+49.784y,6,0.39214,0.35293,11.127,25.126,9.9994,simple,3
z=A+Bx+Cx^2+Dx^3+Ex^4+Fy,z=-6224.5+120020x-858930x^2+2692700x^3-3118400x^4+49.784y,6,0.39214,0.35293,11.127,25.126,9.9994,simple,3
z=A+Blnx+C/y+D(lnx)^2+E/y^2+F(lnx)/y,z=13.373+719.32lnx+3726.4/y+349.09(lnx)^2-3315.1/y^2+963.88(lnx)/y,6,0.3916,0.35235,11.132,23.728,9.9769,simple,3
z=A+Blnx+C/y+D(lnx)^2+E/y^2+F(lnx)/y,z=13.373+719.32lnx+3726.4/y+349.09(lnx)^2-3315.1/y^2+963.88(lnx)/y,6,0.3916,0.35235,11.132,23.728,9.9769,simple,3
z=(A+Blnx+C(lnx)^2+D(lnx)^3+Ey)/(1+Flnx+Gy),z=(-1364400-11049000lnx-21552000(lnx)^2-7163900(lnx)^3+4924400y)/(1+28350lnx+29695y),7,0.39151,0.34521,11.193,24.109,8.4561,simple,3
z=(A+Blnx+C(lnx)^2+D(lnx)^3+Ey)/(1+Flnx+Gy),z=(-1364400-11049000lnx-21552000(lnx)^2-7163900(lnx)^3+4924400y)/(1+28350lnx+29695y),7,0.39151,0.34521,11.193,24.109,8.4561,simple,3
z=(A+Blnx+C(lnx)^2+Dy)/(1+Elnx+Fy),z=(2164500+3584200lnx+1023900(lnx)^2+476500y)/(1+3137.4lnx+3001.3y),6,0.39123,0.35196,11.135,24.068,9.9612,simple,3
z=(A+Blnx+C(lnx)^2+Dy)/(1+Elnx+Fy),z=(2164500+3584200lnx+1023900(lnx)^2+476500y)/(1+3137.4lnx+3001.3y),6,0.39123,0.35196,11.135,24.068,9.9612,simple,3
z=A+Bx+Cy+Dx^2+Ey^2+Fxy,z=-917.53-1204x+844.41y+6406.5x^2-131.61y^2-572.18xy,6,0.39105,0.35177,11.137,23.406,9.9538,simple,3
z=A+Bx+Cy+Dx^2+Ey^2+Fxy,z=-917.53-1204x+844.41y+6406.5x^2-131.61y^2-572.18xy,6,0.39105,0.35177,11.137,23.406,9.9538,simple,3
z=(A+Bx+Cy+Dy^2)/(1+Ex+Fx^2+Gy),z=(-58380000+49672000x+45906000y-10370000y^2)/(1+1386900x-2191700x^2-69805y),7,0.39057,0.3442,11.202,22.96,8.4229,simple,3
z=(A+Bx+Cy+Dy^2)/(1+Ex+Fx^2+Gy),z=(-58380000+49672000x+45906000y-10370000y^2)/(1+1386900x-2191700x^2-69805y),7,0.39057,0.3442,11.202,22.96,8.4229,simple,3
z=A+Bx+Cx^2+Dy+Ey^2,z=-820.41-2298.7x+5724.2x^2+875.79y-166.28y^2,5,0.3898,0.35735,11.089,23.304,12.01,simple,3
z=A+Bx+Cx^2+Dy+Ey^2,z=-820.41-2298.7x+5724.2x^2+875.79y-166.28y^2,5,0.3898,0.35735,11.089,23.304,12.01,simple,3
z=A+B/x+C/x^2+D/x^3+E/x^4+Fy,z=-7622.2+6779.6/x-2227/x^2+319.91/x^3-16.984/x^4+49.003y,6,0.38972,0.35035,11.149,25.387,9.8983,simple,3
z=A+B/x+C/x^2+D/x^3+E/x^4+Fy,z=-7622.2+6779.6/x-2227/x^2+319.91/x^3-16.984/x^4+49.003y,6,0.38972,0.35035,11.149,25.387,9.8983,simple,3
z=A+Bx+Clny+Dx^2+E(lny)^2+Fxlny,z=-643.92-1214x+1723.9lny+6370.4x^2-673.75(lny)^2-1536.9xlny,6,0.38874,0.3493,11.158,23.415,9.8573,simple,3
z=A+Bx+Clny+Dx^2+E(lny)^2+Fxlny,z=-643.92-1214x+1723.9lny+6370.4x^2-673.75(lny)^2-1536.9xlny,6,0.38874,0.3493,11.158,23.415,9.8573,simple,3
z=A+Bx+Cx^2+Dx^3+Ey,z=1410.6-18857x+80919x^2-112810x^3+48.616y,5,0.38739,0.3548,11.111,24.759,11.888,simple,3
z=A+Bx+Cx^2+Dx^3+Ey,z=1410.6-18857x+80919x^2-112810x^3+48.616y,5,0.38739,0.3548,11.111,24.759,11.888,simple,3
z=A+Bx+Cx^2+Dlny+E(lny)^2,z=-531.75-2257.5x+5629.9x^2+1763.3lny-903.63(lny)^2,5,0.38731,0.35472,11.112,23.329,11.884,simple,3
z=(A+Bx+Cy)/(1+Dx+Ey+Fy^2),z=(17.44-71.278x+2.0543y)/(1-0.84979x-0.59526y+0.1188y^2),6,0.38731,0.34778,11.171,23.235,9.7984,simple,3
z=A+Bx+Cx^2+Dlny+E(lny)^2,z=-531.75-2257.5x+5629.9x^2+1763.3lny-903.63(lny)^2,5,0.38731,0.35472,11.112,23.329,11.884,simple,3
z=(A+Bx+Cy)/(1+Dx+Ey+Fy^2),z=(17.44-71.278x+2.0543y)/(1-0.84979x-0.59526y+0.1188y^2),6,0.38731,0.34778,11.171,23.235,9.7984,simple,3
z=A+Bx+Cy+Dx^2+Ey^2+Fxy+Gx^3+Hy^3+Ixy^2+Jx^2y,z=30047-36413x-32764y+73811x^2+12554y^2+14048xy+9473x^3-1692.4y^3+156.46xy^2-30220x^2y,10,0.38693,0.31805,11.423,25.005,5.6171,simple,3
z=A+Bx+Cy+Dx^2+Ey^2+Fxy+Gx^3+Hy^3+Ixy^2+Jx^2y,z=30047-36413x-32764y+73811x^2+12554y^2+14048xy+9473x^3-1692.4y^3+156.46xy^2-30220x^2y,10,0.38693,0.31805,11.423,25.005,5.6171,simple,3
z=A+Blnx+C(lnx)^2+D(lnx)^3+E(lnx)^4+F(lnx)^5+Gy+Hy^2+Iy^3+Jy^4,z=338830+335270lnx+454000(lnx)^2+306820(lnx)^3+103370(lnx)^4+13878(lnx)^5-372140y+215970y^2-55535y^3+5338.7y^4,10,0.38681,0.31791,11.424,26.036,5.6141,simple,3
z=A+Blnx+C(lnx)^2+D(lnx)^3+E(lnx)^4+F(lnx)^5+Gy+Hy^2+Iy^3+Jy^4,z=338830+335270lnx+454000(lnx)^2+306820(lnx)^3+103370(lnx)^4+13878(lnx)^5-372140y+215970y^2-55535y^3+5338.7y^4,10,0.38681,0.31791,11.424,26.036,5.6141,simple,3
z=A+Bx+C/y+Dx^2+E/y^2+Fx/y,z=361.54-4249.7x+1319.3/y+6339.6x^2-3249.3/y^2+4092.5x/y,6,0.38677,0.34721,11.176,23.456,9.776,simple,3
z=A+Bx+C/y+Dx^2+E/y^2+Fx/y,z=361.54-4249.7x+1319.3/y+6339.6x^2-3249.3/y^2+4092.5x/y,6,0.38677,0.34721,11.176,23.456,9.776,simple,3
z=(A+Bx+Cx^2+Dy+Ey^2)/(1+Fx+Gy+Hy^2+Iy^3),z=(55.584-2.1142x+7.7727x^2-43.196y+8.4077y^2)/(1+0.01093x-0.96679y+0.29707y^2-0.028259y^3),9,0.3863,0.32493,11.365,29.696,6.2945,simple,3
z=(A+Bx+Cx^2+Dy+Ey^2)/(1+Fx+Gy+Hy^2+Iy^3),z=(55.584-2.1142x+7.7727x^2-43.196y+8.4077y^2)/(1+0.01093x-0.96679y+0.29707y^2-0.028259y^3),9,0.3863,0.32493,11.365,29.696,6.2945,simple,3
z=A+Blnx+C(lnx)^2+D(lnx)^3+Ey,z=-2060-4625.7lnx-3387.9(lnx)^2-807.51(lnx)^3+47.64y,5,0.38421,0.35145,11.14,24.653,11.73,simple,3
z=A+Blnx+C(lnx)^2+D(lnx)^3+Ey,z=-2060-4625.7lnx-3387.9(lnx)^2-807.51(lnx)^3+47.64y,5,0.38421,0.35145,11.14,24.653,11.73,simple,3
z=(A+Bx+Clny)/(1+Dx+Elny+F(lny)^2),z=(20.991-73.795x+3.0986lny)/(1-0.89505x-1.5656lny+0.84059(lny)^2),6,0.38316,0.34336,11.209,23.079,9.628,simple,3
z=(A+Bx+Clny)/(1+Dx+Elny+F(lny)^2),z=(20.991-73.795x+3.0986lny)/(1-0.89505x-1.5656lny+0.84059(lny)^2),6,0.38316,0.34336,11.209,23.079,9.628,simple,3
z=A+B/x+C/x^2+D/x^3+Ey,z=18.368+72.926/x-33.652/x^2+3.493/x^3+46.733y,5,0.38259,0.34975,11.154,24.383,11.65,simple,3
z=A+B/x+C/x^2+D/x^3+Ey,z=18.368+72.926/x-33.652/x^2+3.493/x^3+46.733y,5,0.38259,0.34975,11.154,24.383,11.65,simple,3
z=(A+Bx+Cx^2+Dlny)/(1+Ex+Flny),z=(25676000-363750000x+1080700000x^2+19638000lny)/(1+750170x-6607.3lny),6,0.38189,0.34201,11.221,24.122,9.5764,simple,3
z=(A+Bx+Cx^2+Dlny)/(1+Ex+Flny),z=(25676000-363750000x+1080700000x^2+19638000lny)/(1+750170x-6607.3lny),6,0.38189,0.34201,11.221,24.122,9.5764,simple,3
z=A+B/x+C/x^2+Dy,z=362.84-151.67/x+15.144/x^2+45.351y,4,0.38154,0.3555,11.105,24.361,14.652,simple,3
z=A+B/x+C/x^2+Dy,z=362.84-151.67/x+15.144/x^2+45.351y,4,0.38154,0.3555,11.105,24.361,14.652,simple,3
z=(A+Bx+Cx^2+Dy)/(1+Ex+Fy),z=(44031000-668120000x+1983900000x^2+14548000y)/(1+1371800x-3287.9y),6,0.38048,0.34051,11.233,24.183,9.5195,simple,3
z=(A+Bx+Cx^2+Dy)/(1+Ex+Fy),z=(44031000-668120000x+1983900000x^2+14548000y)/(1+1371800x-3287.9y),6,0.38048,0.34051,11.233,24.183,9.5195,simple,3
z=A+Blnx+C(lnx)^2+Dlny,z=738.64+925.32lnx+287.91(lnx)^2+111.88lny,4,0.37981,0.35369,11.121,24.146,14.544,simple,3
z=A+Blnx+C(lnx)^2+Dlny,z=738.64+925.32lnx+287.91(lnx)^2+111.88lny,4,0.37981,0.35369,11.121,24.146,14.544,simple,3
z=A+Blnx+C(lnx)^2+Dy,z=728.06+922.25lnx+286.92(lnx)^2+44.258y,4,0.37818,0.352,11.135,24.209,14.444,simple,3
z=A+Blnx+C(lnx)^2+Dy,z=728.06+922.25lnx+286.92(lnx)^2+44.258y,4,0.37818,0.352,11.135,24.209,14.444,simple,3
z=(A+Bx+Cy)/(1+Dx+Ey),z=(-2210.3-18077x+3134y)/(1-207.09x+24.267y),5,0.37604,0.34285,11.213,22.554,11.33,simple,3
z=(A+Bx+Cy)/(1+Dx+Ey),z=(-2210.3-18077x+3134y)/(1-207.09x+24.267y),5,0.37604,0.34285,11.213,22.554,11.33,simple,3
z=A+Bx+Cx^2+Dy,z=192.21-2029.1x+5082.8x^2+43.503y,4,0.37323,0.34684,11.179,23.919,14.143,simple,3
z=A+Bx+Cx^2+Dy,z=192.21-2029.1x+5082.8x^2+43.503y,4,0.37323,0.34684,11.179,23.919,14.143,simple,3
z=A+Blnx+C(lnx)^2+D(lnx)^3+E(lnx)^4+Fy+Gy^2,z=-30893-79552lnx-78338(lnx)^2-34009(lnx)^3-5494.8(lnx)^4+722.91y-134.71y^2,7,0.3701,0.32217,11.389,25.406,7.722,simple,3
z=A+Blnx+C(lnx)^2+D(lnx)^3+E(lnx)^4+Fy+Gy^2,z=-30893-79552lnx-78338(lnx)^2-34009(lnx)^3-5494.8(lnx)^4+722.91y-134.71y^2,7,0.3701,0.32217,11.389,25.406,7.722,simple,3
z=(A+Blnx+Cy)/(1+Dlnx+E(lnx)^2+Fy),z=(20227000+10099000lnx-814420y)/(1-197080lnx-92453(lnx)^2-23144y),6,0.36637,0.32549,11.361,24.309,8.9621,simple,3
z=(A+Blnx+Cy)/(1+Dlnx+E(lnx)^2+Fy),z=(20227000+10099000lnx-814420y)/(1-197080lnx-92453(lnx)^2-23144y),6,0.36637,0.32549,11.361,24.309,8.9621,simple,3
z=A+Be^(x/Wx)+Cy,z=-19.455+1.3954e^(x/0.023249x)+44.046y,4,0.35698,0.3299,11.323,22.706,13.185,simple,3
z=A+Be^(x/Wx)+Cylny,z=38.291+1.4026e^(x/0.023289x)+22.839ylny,4,0.35613,0.32902,11.331,22.734,13.137,simple,3
z=A+Blnx+C(lnx)^2+D(lnx)^3+E(lnx)^4+Fy+Gy^2+Hy^3,z=27545-474.27lnx-1069.8(lnx)^2-546.44(lnx)^3-75.608(lnx)^4-33136y+13412y^2-1804.7y^3,8,0.34887,0.29163,11.642,28.339,6.0948,simple,3
z=A+Blnx+C(lnx)^2+D(lnx)^3+E(lnx)^4+Fy+Gy^2+Hy^3,z=27545-474.27lnx-1069.8(lnx)^2-546.44(lnx)^3-75.608(lnx)^4-33136y+13412y^2-1804.7y^3,8,0.34887,0.29163,11.642,28.339,6.0948,simple,3
z=A+Bx+Cy+Dy^2+Ey^3,z=17559+278.79x-21350y+8640.2y^2-1161.1y^3,5,0.3474,0.31269,11.468,27.38,10.008,simple,3
z=A+Bx+Cy+Dy^2+Ey^3,z=17559+278.79x-21350y+8640.2y^2-1161.1y^3,5,0.3474,0.31269,11.468,27.38,10.008,simple,3
z=A+Bx+Clny+D(lny)^2+E(lny)^3,z=14219+279.08x-47282lny+52327(lny)^2-19220(lny)^3,5,0.34305,0.30811,11.506,28.502,9.8171,simple,3
z=A+Bx+Clny+D(lny)^2+E(lny)^3,z=14219+279.08x-47282lny+52327(lny)^2-19220(lny)^3,5,0.34305,0.30811,11.506,28.502,9.8171,simple,3
z=A+Bx^(2.5)+Cy,z=-42.35+1055.6x^(2.5)+48.379y,3,0.34138,0.3208,11.4,25.018,16.586,simple,3
z=A+Bx^(2.5)+Cylny,z=21.05+1054.2x^(2.5)+25.119ylny,3,0.34064,0.32004,11.406,25.016,16.532,simple,3
z=A+Bx^2+Cy,z=-50.038+621.91x^2+49.094y,3,0.33678,0.31605,11.44,25.476,16.249,simple,3
z=A+Bx^2+Cylny,z=14.298+621.06x^2+25.496ylny,3,0.33606,0.31531,11.446,25.471,16.197,simple,3
z=A+Bx+Cy+Dy^2,z=-725.77+284.2x+562y-102.05y^2,4,0.33266,0.30457,11.535,26.119,11.839,simple,3
z=A+Bx+Cy+Dy^2,z=-725.77+284.2x+562y-102.05y^2,4,0.33266,0.30457,11.535,26.119,11.839,simple,3
z=A+Bx^(1.5)+Cy,z=-61.653+388.57x^(1.5)+49.847y,3,0.33169,0.3108,11.484,25.948,15.882,simple,3
z=A+Bx+Clny+D(lny)^2,z=-515.88+283.31x+1089.8lny-525.4(lny)^2,4,0.33169,0.30355,11.544,26.081,11.787,simple,3
z=A+Bx+Clny+D(lny)^2,z=-515.88+283.31x+1089.8lny-525.4(lny)^2,4,0.33169,0.30355,11.544,26.081,11.787,simple,3
z=A+Bx^(1.5)+Cylny,z=3.6724+388.01x^(1.5)+25.892ylny,3,0.33099,0.31008,11.49,25.946,15.832,simple,3
z=A+Bx+Cx^2+Dx^3+Ex^4+Fx^5+Gy+Hy^2+Iy^3,z=-1298.2+746940x-6882100x^2+31417000x^3-71136000x^4+63995000x^5-37416y+15156y^2-2041.1y^3,9,0.32956,0.26252,11.879,28.385,4.9156,simple,3
z=A+Bx+Cx^2+Dx^3+Ex^4+Fx^5+Gy+Hy^2+Iy^3,z=-1298.2+746940x-6882100x^2+31417000x^3-71136000x^4+63995000x^5-37416y+15156y^2-2041.1y^3,9,0.32956,0.26252,11.879,28.385,4.9156,simple,3
z=A+Bx+Clny,z=-73.253+272.35x+127.42lny,3,0.3273,0.30628,11.521,26.43,15.569,simple,3
z=A+Bx+Clny,z=-73.253+272.35x+127.42lny,3,0.3273,0.30628,11.521,26.43,15.569,simple,3
z=A+Bx+Clny,z=-73.253+272.35x+127.42lny,3,0.3273,0.30628,11.521,26.43,15.569,simple,3
z=A+Bx^2lnx+Cy,z=-68.163-611.88x^2lnx+50.661y,3,0.32636,0.3053,11.529,26.446,15.503,simple,3
z=A+Bx+Cy,z=-82.962+271.48x+50.634y,3,0.32614,0.30508,11.531,26.432,15.487,simple,3
z=A+Bx+Cy,z=-82.962+271.48x+50.634y,3,0.32614,0.30508,11.531,26.432,15.487,simple,3
z=A+Bx+Cy,z=-82.962+271.48x+50.634y,3,0.32614,0.30508,11.531,26.432,15.487,simple,3
z=A+Bx^2lnx+Cylny,z=-1.776-610.97x^2lnx+26.321ylny,3,0.32568,0.30461,11.535,26.444,15.455,simple,3
z=A+Bx+Cx^2+Dx^3+Ex^4+Fx^5+Gy+Hy^2,z=17836-430820x+4011400x^2-18692000x^3+43520000x^4-40427000x^5+596.85y-109.44y^2,8,0.32362,0.26416,11.866,27.912,5.4426,simple,3
z=A+Bx+Cx^2+Dx^3+Ex^4+Fx^5+Gy+Hy^2,z=17836-430820x+4011400x^2-18692000x^3+43520000x^4-40427000x^5+596.85y-109.44y^2,8,0.32362,0.26416,11.866,27.912,5.4426,simple,3
z=A+Blnx+Cy+Dy^2,z=-501.96+60.113lnx+504.66y-90.261y^2,4,0.31899,0.29032,11.653,27.19,11.125,simple,3
z=A+Blnx+Cy+Dy^2,z=-501.96+60.113lnx+504.66y-90.261y^2,4,0.31899,0.29032,11.653,27.19,11.125,simple,3
z=A+Blnx+Clny+D(lny)^2,z=-304.51+59.948lnx+959.57lny-452.01(lny)^2,4,0.31818,0.28947,11.66,27.188,11.083,simple,3
z=A+Blnx+Clny+D(lny)^2,z=-304.51+59.948lnx+959.57lny-452.01(lny)^2,4,0.31818,0.28947,11.66,27.188,11.083,simple,3
z=A+Bx+Cx^2+Dx^3+Ex^4+Fx^5+Gy+Hy^2+Iy^3+Jy^4,z=226010+303420x-2774800x^2+12495000x^3-27767000x^4+24430000x^5-370890y+215220y^2-55335y^3+5318.7y^4,10,0.31783,0.24119,12.05,26.642,4.1467,simple,3
z=A+Bx+Cx^2+Dx^3+Ex^4+Fx^5+Gy+Hy^2+Iy^3+Jy^4,z=226010+303420x-2774800x^2+12495000x^3-27767000x^4+24430000x^5-370890y+215220y^2-55335y^3+5318.7y^4,10,0.31783,0.24119,12.05,26.642,4.1467,simple,3
z=A+Blnx+Clny,z=71.367+57.979lnx+131.48lny,3,0.31491,0.2935,11.627,27.419,14.709,simple,3
z=A+Blnx+Clny,z=71.367+57.979lnx+131.48lny,3,0.31491,0.2935,11.627,27.419,14.709,simple,3
z=A+Blnx+Clny,z=71.367+57.979lnx+131.48lny,3,0.31491,0.2935,11.627,27.419,14.709,simple,3
z=A+Blnx+Cy,z=60.746+57.779lnx+52.288y,3,0.31386,0.29242,11.636,27.422,14.638,simple,3
z=A+Blnx+Cy,z=60.746+57.779lnx+52.288y,3,0.31386,0.29242,11.636,27.422,14.638,simple,3
z=A+Blnx+Cy,z=60.746+57.779lnx+52.288y,3,0.31386,0.29242,11.636,27.422,14.638,simple,3
z=A+Bx+Cx^2+Dx^3+Ex^4+Fy+Gy^2+Hy^3+Iy^4+Jy^5,z=125410+9059x-95454x^2+370160x^3-482190x^4-139420y+26425y^2+21619y^3-10357y^4+1276.7y^5,10,0.31158,0.23423,12.105,27.041,4.0282,simple,3
z=A+Bx+Cx^2+Dx^3+Ex^4+Fy+Gy^2+Hy^3+Iy^4+Jy^5,z=125410+9059x-95454x^2+370160x^3-482190x^4-139420y+26425y^2+21619y^3-10357y^4+1276.7y^5,10,0.31158,0.23423,12.105,27.041,4.0282,simple,3
z=A+Blnx+C(lnx)^2+D(lnx)^3+E(lnx)^4+Fy+Gy^2+Hy^3+Iy^4+Jy^5,z=107300-31395lnx-31422(lnx)^2-13739(lnx)^3-2217.8(lnx)^4-125490y+14982y^2+26307y^3-11315y^4+1354.7y^5,10,0.3066,0.22869,12.148,28.968,3.9352,simple,3
z=A+Blnx+C(lnx)^2+D(lnx)^3+E(lnx)^4+Fy+Gy^2+Hy^3+Iy^4+Jy^5,z=107300-31395lnx-31422(lnx)^2-13739(lnx)^3-2217.8(lnx)^4-125490y+14982y^2+26307y^3-11315y^4+1354.7y^5,10,0.3066,0.22869,12.148,28.968,3.9352,simple,3
z=A+B/x+Cy+Dy^2,z=-465.5-12.381/x+446.55y-78.31y^2,4,0.30431,0.27502,11.778,28.269,10.389,simple,3
z=A+B/x+Cy+Dy^2,z=-465.5-12.381/x+446.55y-78.31y^2,4,0.30431,0.27502,11.778,28.269,10.389,simple,3
z=(A+Bx+Cx^2+Dy+Ey^2+Fy^3)/(1+Gx+Hx^2+Iy),z=(563.59-723.81x+1246.7x^2-566.58y+229.31y^2-30.421y^3)/(1-8.2979x+14.608x^2+0.071584y),9,0.30368,0.23405,12.106,50.878,4.3613,simple,3
z=(A+Bx+Cx^2+Dy+Ey^2+Fy^3)/(1+Gx+Hx^2+Iy),z=(563.59-723.81x+1246.7x^2-566.58y+229.31y^2-30.421y^3)/(1-8.2979x+14.608x^2+0.071584y),9,0.30368,0.23405,12.106,50.878,4.3613,simple,3
z=A+B/x+Clny+D(lny)^2,z=-279.44-12.35/x+826.27lny-376.86(lny)^2,4,0.30364,0.27432,11.784,28.234,10.356,simple,3
z=A+B/x+Clny+D(lny)^2,z=-279.44-12.35/x+826.27lny-376.86(lny)^2,4,0.30364,0.27432,11.784,28.234,10.356,simple,3
z=A+B/x+Clny,z=35.017-12.016/x+135.71lny,3,0.30135,0.27952,11.741,28.401,13.803,simple,3
z=A+B/x+Clny,z=35.017-12.016/x+135.71lny,3,0.30135,0.27952,11.741,28.401,13.803,simple,3
z=A+B/x+Clny,z=35.017-12.016/x+135.71lny,3,0.30135,0.27952,11.741,28.401,13.803,simple,3
z=A+B/x+Cy,z=24.068-11.972/x+54.008y,3,0.30042,0.27856,11.749,28.408,13.742,simple,3
z=A+B/x+Cy,z=24.068-11.972/x+54.008y,3,0.30042,0.27856,11.749,28.408,13.742,simple,3
z=A+B/x+Cy,z=24.068-11.972/x+54.008y,3,0.30042,0.27856,11.749,28.408,13.742,simple,3
z=(A+Bx+Cx^2+Dy+Ey^2)/(1+Fx+Gx^2+Hy+Iy^2+Jy^3),z=(50.777-53.284x+107.12x^2-34.239y+6.6413y^2)/(1-0.52912x+1.0565x^2-0.93235y+0.30185y^2-0.031288y^3),10,0.29356,0.21418,12.262,31.448,3.6983,simple,3
z=(A+Bx+Cx^2+Dy+Ey^2)/(1+Fx+Gx^2+Hy+Iy^2+Jy^3),z=(50.777-53.284x+107.12x^2-34.239y+6.6413y^2)/(1-0.52912x+1.0565x^2-0.93235y+0.30185y^2-0.031288y^3),10,0.29356,0.21418,12.262,31.448,3.6983,simple,3
z=(A+Bx+Cx^2+Dy)/(1+Ex+Fx^2+Gx^3+Hy+Iy^2),z=(63.397-502.77x+1001.6x^2-0.10631y)/(1-9.4686x+28.605x^2-25.892x^3-0.011321y+0.0020007y^2),9,0.2636,0.18996,12.45,29.805,3.5796,simple,3
z=(A+Bx+Cx^2+Dy)/(1+Ex+Fx^2+Gx^3+Hy+Iy^2),z=(63.397-502.77x+1001.6x^2-0.10631y)/(1-9.4686x+28.605x^2-25.892x^3-0.011321y+0.0020007y^2),9,0.2636,0.18996,12.45,29.805,3.5796,simple,3
z=A+Blnx+C(lnx)^2+D(lnx)^3+E(lnx)^4+F(lnx)^5+Gy+Hy^2+Iy^3+Jy^4+Ky^5,z=207430+342180lnx+463060(lnx)^2+312740(lnx)^3+105300(lnx)^4+14130(lnx)^5-107210y+5875y^2+27689y^3-11129y^4+1302.2y^5,11,0.25796,0.1652,12.639,28.725,2.7811,simple,3
z=A+Blnx+C(lnx)^2+D(lnx)^3+E(lnx)^4+F(lnx)^5+Gy+Hy^2+Iy^3+Jy^4+Ky^5,z=207430+342180lnx+463060(lnx)^2+312740(lnx)^3+105300(lnx)^4+14130(lnx)^5-107210y+5875y^2+27689y^3-11129y^4+1302.2y^5,11,0.25796,0.1652,12.639,28.725,2.7811,simple,3
z=A+Bx+Cx^2+Dx^3+Ex^4+Fx^5+Gy,z=38656-898560x+8329900x^2-38506000x^3+88706000x^4-81412000x^5+49.954y,7,0.24552,0.18812,12.464,30.755,4.277,simple,3
z=A+Bx+Cx^2+Dx^3+Ex^4+Fx^5+Gy,z=38656-898560x+8329900x^2-38506000x^3+88706000x^4-81412000x^5+49.954y,7,0.24552,0.18812,12.464,30.755,4.277,simple,3
z=A+Blnx+C(lnx)^2+D(lnx)^3+E(lnx)^4+Fy,z=-43540-115190lnx-113570(lnx)^2-49448(lnx)^3-8025.8(lnx)^4+49.5y,6,0.21344,0.16269,12.658,32.142,4.206,simple,3
z=A+Blnx+C(lnx)^2+D(lnx)^3+E(lnx)^4+Fy,z=-43540-115190lnx-113570(lnx)^2-49448(lnx)^3-8025.8(lnx)^4+49.5y,6,0.21344,0.16269,12.658,32.142,4.206,simple,3
z=A+Blnx+C(lnx)^2+D(lnx)^3+E(lnx)^4+F(lnx)^5+Gy+Hy^2,z=-167500-534780lnx-683300(lnx)^2-434990(lnx)^3-138050(lnx)^4-17483(lnx)^5+660.07y-122.12y^2,8,0.1936,0.12271,12.956,29.62,2.731,simple,3
z=A+Blnx+C(lnx)^2+D(lnx)^3+E(lnx)^4+F(lnx)^5+Gy+Hy^2,z=-167500-534780lnx-683300(lnx)^2-434990(lnx)^3-138050(lnx)^4-17483(lnx)^5+660.07y-122.12y^2,8,0.1936,0.12271,12.956,29.62,2.731,simple,3
z=A+Bx+Cx^2+Dx^3+Ey+Fy^2+Gy^3+Hy^4,z=246920-11994x+47921x^2-60668x^3-382070y+222010y^2-57167y^3+5504y^4,8,0.17397,0.10136,13.113,29.412,2.3957,simple,3
z=A+Bx+Cx^2+Dx^3+Ey+Fy^2+Gy^3+Hy^4,z=246920-11994x+47921x^2-60668x^3-382070y+222010y^2-57167y^3+5504y^4,8,0.17397,0.10136,13.113,29.412,2.3957,simple,3
z=A+B/x+C/x^2+D/x^3+E/x^4+Fy+Gy^2+Hy^3+Iy^4+Jy^5,z=89291+1925.6/x-683.95/x^2+103.08/x^3-5.6189/x^4-71309y-27432y^2+42878y^3-14546y^4+1606.2y^5,10,0.15634,0.061548,13.4,31.405,1.6493,simple,3
z=A+B/x+C/x^2+D/x^3+E/x^4+Fy+Gy^2+Hy^3+Iy^4+Jy^5,z=89291+1925.6/x-683.95/x^2+103.08/x^3-5.6189/x^4-71309y-27432y^2+42878y^3-14546y^4+1606.2y^5,10,0.15634,0.061548,13.4,31.405,1.6493,simple,3
z=(A+Bx+Cx^2+Dy+Ey^2+Fy^3)/(1+Gx+Hx^2+Iy+Jy^2+Ky^3),z=(-632.11-87.798x+231.53x^2+1076.4y-546.87y^2+87.54y^3)/(1-0.41359x+1.1868x^2+1.9491y-1.9551y^2+0.40882y^3),11,0.15486,0.049219,13.488,32.604,1.4659,simple,3
z=(A+Bx+Cx^2+Dy+Ey^2+Fy^3)/(1+Gx+Hx^2+Iy+Jy^2+Ky^3),z=(-632.11-87.798x+231.53x^2+1076.4y-546.87y^2+87.54y^3)/(1-0.41359x+1.1868x^2+1.9491y-1.9551y^2+0.40882y^3),11,0.15486,0.049219,13.488,32.604,1.4659,simple,3
z=A+Blnx+C(lnx)^2+D(lnx)^3+Elny+F(lny)^2+G(lny)^3+H(lny)^4,z=141430-494.76lnx-748.91(lnx)^2-248.71(lnx)^3-593800lny+932100(lny)^2-647320(lny)^3+167800(lny)^4,8,0.13668,0.060786,13.406,29.613,1.8009,simple,3
z=A+Blnx+C(lnx)^2+D(lnx)^3+Elny+F(lny)^2+G(lny)^3+H(lny)^4,z=141430-494.76lnx-748.91(lnx)^2-248.71(lnx)^3-593800lny+932100(lny)^2-647320(lny)^3+167800(lny)^4,8,0.13668,0.060786,13.406,29.613,1.8009,simple,3
z=A+B/x+C/x^2+D/x^3+E/x^4+F/x^5+Gy,z=-46337+49258/x-20764/x^2+4341.2/x^3-450.57/x^4+18.588/x^5+49.451y,7,0.12737,0.060974,13.404,28.814,1.9183,simple,3
z=A+B/x+C/x^2+D/x^3+E/x^4+F/x^5+Gy,z=-46337+49258/x-20764/x^2+4341.2/x^3-450.57/x^4+18.588/x^5+49.451y,7,0.12737,0.060974,13.404,28.814,1.9183,simple,3
z=A+Blnx+C(lnx)^2+D(lnx)^3+Ey+Fy^2+Gy^3+Hy^4,z=237900-501.12lnx-752.64(lnx)^2-249.44(lnx)^3-368820y+213950y^2-54992y^3+5284y^4,8,0.10665,0.028117,13.637,31.77,1.358,simple,3
z=A+Blnx+C(lnx)^2+D(lnx)^3+Ey+Fy^2+Gy^3+Hy^4,z=237900-501.12lnx-752.64(lnx)^2-249.44(lnx)^3-368820y+213950y^2-54992y^3+5284y^4,8,0.10665,0.028117,13.637,31.77,1.358,simple,3
z=A+Bx+Cx^2+Dx^3+Ex^4+Fx^5+Glny+H(lny)^2+I(lny)^3+J(lny)^4+K(lny)^5,z=35760+310540x-2840200x^2+12793000x^3-28440000x^4+25036000x^5-87219lny-179880(lny)^2+571810(lny)^3-499790(lny)^4+146070(lny)^5,11,0.075302,-0.040286,14.109,31.002,0.65147,simple,3
z=A+Bx+Cx^2+Dx^3+Ex^4+Fx^5+Glny+H(lny)^2+I(lny)^3+J(lny)^4+K(lny)^5,z=35760+310540x-2840200x^2+12793000x^3-28440000x^4+25036000x^5-87219lny-179880(lny)^2+571810(lny)^3-499790(lny)^4+146070(lny)^5,11,0.075302,-0.040286,14.109,31.002,0.65147,simple,3
z=A+B/x+C/x^2+D/x^3+Ey+Fy^2+Gy^3+Hy^4+Iy^5,z=93432-320.23/x+47.47/x^2-2.0125/x^3-82171y-12432y^2+34305y^3-12308y^4+1384.8y^5,9,0.054185,-0.040397,14.109,30.498,0.57289,simple,3
z=A+B/x+C/x^2+D/x^3+Ey+Fy^2+Gy^3+Hy^4+Iy^5,z=93432-320.23/x+47.47/x^2-2.0125/x^3-82171y-12432y^2+34305y^3-12308y^4+1384.8y^5,9,0.054185,-0.040397,14.109,30.498,0.57289,simple,3
z=A+Blnx+C(lnx)^2+D(lnx)^3+E(lnx)^4+Flny+G(lny)^2+H(lny)^3+I(lny)^4+J(lny)^5,z=57870-32107lnx-32115(lnx)^2-14038(lnx)^3-2265.9(lnx)^4-184810lny-40.703(lny)^2+413050(lny)^3-434300(lny)^4+136530(lny)^5,10,0.042992,-0.064537,14.272,30.739,0.39981,simple,3
z=A+Blnx+C(lnx)^2+D(lnx)^3+E(lnx)^4+Flny+G(lny)^2+H(lny)^3+I(lny)^4+J(lny)^5,z=57870-32107lnx-32115(lnx)^2-14038(lnx)^3-2265.9(lnx)^4-184810lny-40.703(lny)^2+413050(lny)^3-434300(lny)^4+136530(lny)^5,10,0.042992,-0.064537,14.272,30.739,0.39981,simple,3
z=(A+Bx+Cy)/(1+Dx+Ex^2+Fy),z=(-16.758-593.1x+71.894y)/(1-13.101x+14.833x^2+0.59148y),6,-0.012539,-0.077864,14.361,90.593,-0.19195,simple,3
z=(A+Bx+Cy)/(1+Dx+Ex^2+Fy),z=(-16.758-593.1x+71.894y)/(1-13.101x+14.833x^2+0.59148y),6,-0.012539,-0.077864,14.361,90.593,-0.19195,simple,3
z=(A+Bx+Cx^2+Dy)/(1+Ex+Fx^2+Gx^3+Hy),z=(65.059-518.22x+1031.3x^2+0.024751y)/(1-9.5677x+28.653x^2-25.518x^3-4.31e-06y),8,-0.16196,-0.26411,15.552,45.638,-1.5855,simple,3
z=(A+Bx+Cx^2+Dy)/(1+Ex+Fx^2+Gx^3+Hy),z=(65.059-518.22x+1031.3x^2+0.024751y)/(1-9.5677x+28.653x^2-25.518x^3-4.31e-06y),8,-0.16196,-0.26411,15.552,45.638,-1.5855,simple,3
z=A+Blnx+C(lnx)^2+D(lnx)^3+E(lnx)^4+Flny+G(lny)^2+H(lny)^3+I(lny)^4,z=146990-31165lnx-31180(lnx)^2-13626(lnx)^3-2198.3(lnx)^4-669550lny+1057700(lny)^2-739820(lny)^3+193310(lny)^4,9,-0.35812,-0.49393,16.907,36.653,-2.6369,simple,3
z=A+Blnx+C(lnx)^2+D(lnx)^3+E(lnx)^4+Flny+G(lny)^2+H(lny)^3+I(lny)^4,z=146990-31165lnx-31180(lnx)^2-13626(lnx)^3-2198.3(lnx)^4-669550lny+1057700(lny)^2-739820(lny)^3+193310(lny)^4,9,-0.35812,-0.49393,16.907,36.653,-2.6369,simple,3
z=A+B/x+C/x^2+D/x^3+E/x^4+F/x^5+Gy+Hy^2+Iy^3+Jy^4+Ky^5,z=92261-11446/x+5111.4/x^2-1145.8/x^3+128.18/x^4-5.7008/x^5-57305y-34844y^2+44284y^3-14507y^4+1577y^5,11,-0.61059,-0.81192,18.62,36.62,-3.0329,simple,3
z=A+B/x+C/x^2+D/x^3+E/x^4+F/x^5+Gy+Hy^2+Iy^3+Jy^4+Ky^5,z=92261-11446/x+5111.4/x^2-1145.8/x^3+128.18/x^4-5.7008/x^5-57305y-34844y^2+44284y^3-14507y^4+1577y^5,11,-0.61059,-0.81192,18.62,36.62,-3.0329,simple,3
z=(A+Bx+Cx^2+Dx^3+Ey+Fy^2)/(1+Gx+Hx^2+Ix^3+Jy+Ky^2),z=(97.647+1729.4x-7639.4x^2+11223x^3-177.82y+34.774y^2)/(1+16.851x-73.809x^2+107.37x^3-1.7753y+0.34665y^2),11,-0.74157,-0.95927,19.362,142.9,-3.4064,simple,3
z=(A+Bx+Cx^2+Dx^3+Ey+Fy^2)/(1+Gx+Hx^2+Ix^3+Jy+Ky^2),z=(97.647+1729.4x-7639.4x^2+11223x^3-177.82y+34.774y^2)/(1+16.851x-73.809x^2+107.37x^3-1.7753y+0.34665y^2),11,-0.74157,-0.95927,19.362,142.9,-3.4064,simple,3
z=A+Blnx+C(lnx)^2+D(lnx)^3+E(lnx)^4+F(lnx)^5+Glny+H(lny)^2+I(lny)^3+J(lny)^4,z=244610+335040lnx+453710(lnx)^2+306640(lnx)^3+103310(lnx)^4+13870(lnx)^5-612930lny+963510(lny)^2-670210(lny)^3+174040(lny)^4,10,-0.7744,-0.97377,19.434,41.215,-3.8842,simple,3
z=A+Blnx+C(lnx)^2+D(lnx)^3+E(lnx)^4+F(lnx)^5+Glny+H(lny)^2+I(lny)^3+J(lny)^4,z=244610+335040lnx+453710(lnx)^2+306640(lnx)^3+103310(lnx)^4+13870(lnx)^5-612930lny+963510(lny)^2-670210(lny)^3+174040(lny)^4,10,-0.7744,-0.97377,19.434,41.215,-3.8842,simple,3
z=A+Blnx+C(lnx)^2+D(lnx)^3+Ey+Fy^2+Gy^3+Hy^4+Iy^5,z=197010-491.75lnx-746.17(lnx)^2-247.96(lnx)^3-288660y+151160y^2-30426y^3+484.86y^4+374.56y^5,9,-0.80709,-0.9878,19.503,37.168,-4.4662,simple,3
z=A+Blnx+C(lnx)^2+D(lnx)^3+Ey+Fy^2+Gy^3+Hy^4+Iy^5,z=197010-491.75lnx-746.17(lnx)^2-247.96(lnx)^3-288660y+151160y^2-30426y^3+484.86y^4+374.56y^5,9,-0.80709,-0.9878,19.503,37.168,-4.4662,simple,3
z=A+Bx+Cx^2+Dx^3+Ex^4+Fx^5+Gy+Hy^2+Iy^3+Jy^4+Ky^5,z=32797+310320x-2837000x^2+12774000x^3-28389000x^4+24984000x^5+12459y-89212y^2+65431y^3-18612y^4+1895.1y^5,11,-0.92656,-1.1674,20.364,38.407,-3.8475,simple,3
z=A+Bx+Cx^2+Dx^3+Ex^4+Fx^5+Gy+Hy^2+Iy^3+Jy^4+Ky^5,z=32797+310320x-2837000x^2+12774000x^3-28389000x^4+24984000x^5+12459y-89212y^2+65431y^3-18612y^4+1895.1y^5,11,-0.92656,-1.1674,20.364,38.407,-3.8475,simple,3
z=(A+Blnx+C(lnx)^2+Dy+Ey^2+Fy^3)/(1+Glnx+H(lnx)^2+Iy+Jy^2+Ky^3),z=(7598.6+1951.5lnx+809.97(lnx)^2-6585.5y+2097.4y^2-196.21y^3)/(1+22.282lnx+9.109(lnx)^2+24.497y-14.222y^2+2.5782y^3),11,-1.0212,-1.2738,20.859,163.09,-4.0419,simple,3
z=(A+Blnx+C(lnx)^2+Dy+Ey^2+Fy^3)/(1+Glnx+H(lnx)^2+Iy+Jy^2+Ky^3),z=(7598.6+1951.5lnx+809.97(lnx)^2-6585.5y+2097.4y^2-196.21y^3)/(1+22.282lnx+9.109(lnx)^2+24.497y-14.222y^2+2.5782y^3),11,-1.0212,-1.2738,20.859,163.09,-4.0419,simple,3
z=A+B/x+C/x^2+D/x^3+E/x^4+F/x^5+Gy+Hy^2+Iy^3+Jy^4,z=251870-12550/x+5589.2/x^2-1248.6/x^3+139.17/x^4-6.1686/x^5-373180y+216590y^2-55702y^3+5355.4y^4,10,-3.7402,-4.2728,31.763,52.594,-7.0224,simple,3
z=A+B/x+C/x^2+D/x^3+E/x^4+F/x^5+Gy+Hy^2+Iy^3+Jy^4,z=251870-12550/x+5589.2/x^2-1248.6/x^3+139.17/x^4-6.1686/x^5-373180y+216590y^2-55702y^3+5355.4y^4,10,-3.7402,-4.2728,31.763,52.594,-7.0224,simple,3
z=A+Bx+Cx^2+Dx^3+Ex^4+Flny+G(lny)^2+H(lny)^3+I(lny)^4,z=161870+10879x-108270x^2+409830x^3-527800x^4-685890lny+1084700(lny)^2-759560(lny)^3+198730(lny)^4,9,-3.8067,-4.2874,31.807,51.226,-7.9196,simple,3
z=A+Bx+Cx^2+Dx^3+Ex^4+Flny+G(lny)^2+H(lny)^3+I(lny)^4,z=161870+10879x-108270x^2+409830x^3-527800x^4-685890lny+1084700(lny)^2-759560(lny)^3+198730(lny)^4,9,-3.8067,-4.2874,31.807,51.226,-7.9196,simple,3
z=A+Bx+Cx^2+Dx^3+Ex^4+Fy+Gy^2+Hy^3+Iy^4,z=261850+9662x-99865x^2+384280x^3-498920x^4-408060y+237730y^2-61388y^3+5928.8y^4,9,-5.3451,-5.9796,36.544,55.122,-8.424,simple,3
z=A+Bx+Cx^2+Dx^3+Ex^4+Fy+Gy^2+Hy^3+Iy^4,z=261850+9662x-99865x^2+384280x^3-498920x^4-408060y+237730y^2-61388y^3+5928.8y^4,9,-5.3451,-5.9796,36.544,55.122,-8.424,simple,3
z=A+Blnx+C(lnx)^2+D(lnx)^3+E(lnx)^4+F(lnx)^5+Gy,z=-367750-1197000lnx-1553900(lnx)^2-1005900(lnx)^3-324770(lnx)^4-41850(lnx)^5+49.708y,7,-16.272,-17.587,59.636,99.553,-12.382,simple,3
z=A+Blnx+C(lnx)^2+D(lnx)^3+E(lnx)^4+F(lnx)^5+Gy,z=-367750-1197000lnx-1553900(lnx)^2-1005900(lnx)^3-324770(lnx)^4-41850(lnx)^5+49.708y,7,-16.272,-17.587,59.636,99.553,-12.382,simple,3
z=A+Blnx+C(lnx)^2+D(lnx)^3+E(lnx)^4+F(lnx)^5+Gy+Hy^2+Iy^3,z=280190+830640lnx+1100700(lnx)^2+727930(lnx)^3+240170(lnx)^4+31615(lnx)^5-36132y+14634y^2-1970.5y^3,9,-20.943,-23.137,67.959,86.754,-9.5443,simple,3
z=A+Blnx+C(lnx)^2+D(lnx)^3+E(lnx)^4+F(lnx)^5+Gy+Hy^2+Iy^3,z=280190+830640lnx+1100700(lnx)^2+727930(lnx)^3+240170(lnx)^4+31615(lnx)^5-36132y+14634y^2-1970.5y^3,9,-20.943,-23.137,67.959,86.754,-9.5443,simple,3
z=(A+Bx+Cy+Dy^2+Ey^3)/(1+Fx+Gx^2+Hx^3+Iy),z=(7258.4-1397.3x-8525.9y+3448.9y^2-455.33y^3)/(1-12.244x-47.211x^2+117.87x^3+1.3923y),9,-3052.1,-3357.4,801.62,7604.1,-9.9967,simple,3
z=(A+Bx+Cy+Dy^2+Ey^3)/(1+Fx+Gx^2+Hx^3+Iy),z=(7258.4-1397.3x-8525.9y+3448.9y^2-455.33y^3)/(1-12.244x-47.211x^2+117.87x^3+1.3923y),9,-3052.1,-3357.4,801.62,7604.1,-9.9967,simple,3
z=(A+Bx+Cx^2+Dy+Ey^2+Fy^3)/(1+Gx+Hx^2+Ix^3+Jy),z=(2381.7-1375.1x+2256.8x^2-2666.2y+1076.2y^2-142.94y^3)/(1-7.0919x-9.0939x^2+48.594x^3+0.25445y),10,-15686.0,-17449.0,1827.3,17238.0,-8.8994,simple,3
z=(A+Bx+Cx^2+Dy+Ey^2+Fy^3)/(1+Gx+Hx^2+Ix^3+Jy),z=(2381.7-1375.1x+2256.8x^2-2666.2y+1076.2y^2-142.94y^3)/(1-7.0919x-9.0939x^2+48.594x^3+0.25445y),10,-15686.0,-17449.0,1827.3,17238.0,-8.8994,simple,3
lnz=A+Bx^(2.5)+Cy/lny,lnz=15.865+10.231x^(2.5)-4.203y/lny,3,0.35415,0.33396,11.289,25.211,17.547,ln,3
lnz=A+Bx^3+Cy,lnz=3.3487+16.763x^3+0.43846y,3,0.34384,0.32333,11.379,25.538,16.769,ln,3
lnz=A+Bx^3+Cylny,lnz=3.9231+16.739x^3+0.22772ylny,3,0.34277,0.32223,11.388,25.541,16.689,ln,3
lnz=A+Bx^(2.5)+Cy,lnz=3.2976+9.5393x^(2.5)+0.44442y,3,0.34075,0.32015,11.405,25.974,16.54,ln,3
lnz=A+Bx^(2.5)+Cylny,lnz=3.8798+9.5254x^(2.5)+0.23086ylny,3,0.33972,0.31909,11.414,25.974,16.465,ln,3
lnz=A+Bx^2lnx+Cy/lny,lnz=16.039-5.9683x^2lnx-4.3391y/lny,3,0.33913,0.31848,11.419,26.589,16.421,ln,3
lnz=A+Bx^2+Cy,lnz=3.2282+5.6238x^2+0.45076y,3,0.33706,0.31635,11.437,26.431,16.27,ln,3
lnz=A+Bx^2+Cylny,lnz=3.8187+5.6153x^2+0.23419ylny,3,0.33605,0.3153,11.446,26.432,16.196,ln,3
lnz=A+Bx^2lnx+Cy,lnz=3.0642-5.541x^2lnx+0.4647y,3,0.32826,0.30727,11.513,27.394,15.638,ln,3
lnz=A+Bx^2lnx+Cylny,lnz=3.673-5.532x^2lnx+0.24153ylny,3,0.32731,0.30628,11.521,27.393,15.57,ln,3
z^(-1)=A+Bx^3+Cy/lny,z^(-1)=-0.092154-0.16472x^3+0.038021y/lny,3,0.35624,0.33612,11.271,25.58,17.708,inv,3
z^(-1)=A+Bx^(2.5)+Cy/lny,z^(-1)=-0.092771-0.093911x^(2.5)+0.038379y/lny,3,0.35313,0.33292,11.298,26.017,17.469,inv,3
z^(-1)=A+Bx^3+Cy,z^(-1)=0.021622-0.15342x^3-0.0040471y,3,0.33341,0.31258,11.469,26.458,16.006,inv,3
z^(-1)=A+Bx^3+Cylny,z^(-1)=0.016321-0.15319x^3-0.0021028ylny,3,0.33209,0.31121,11.48,26.451,15.91,inv,3
z^(-1)=A+Bx^(2.5)+Cy,z^(-1)=0.022089-0.087372x^(2.5)-0.0041005y,3,0.33129,0.31039,11.487,26.895,15.853,inv,3
z^(-1)=A+Bx^(2.5)+Cylny,z^(-1)=0.016718-0.087234x^(2.5)-0.0021309ylny,3,0.33001,0.30908,11.498,26.886,15.762,inv,3
z^(-1)=A+Bx^2+Cy,z^(-1)=0.022723-0.051545x^2-0.0041574y,3,0.32862,0.30764,11.51,27.337,15.663,inv,3
z^(-1)=A+Bx^2+Cylny,z^(-1)=0.017279-0.051462x^2-0.0021609ylny,3,0.32718,0.30616,11.522,27.345,15.561,inv,3
z^(-1)=A+Bx^2lnx+Cy,z^(-1)=0.024227+0.05086x^2lnx-0.0042829y,3,0.32136,0.30015,11.572,28.293,15.153,inv,3
z^(-1)=A+Bx^2lnx+Cylny,z^(-1)=0.018617+0.050773x^2lnx-0.0022269ylny,3,0.32014,0.29889,11.582,28.286,15.068,inv,3
